{"__type__":"cc.AnimationClip","_name":"ready_a","_duration":0.3333333333333333,"curveData":{"props":{"y":[{"frame":0.08333333333333333,"value":0},{"frame":0.25,"value":34},{"frame":0.3333333333333333,"value":0}]}}}