{"__type__":"cc.AnimationClip","_name":"jianTou","_duration":0.6666666666666666,"speed":0.7,"wrapMode":"2","curveData":{"props":{"y":[{"frame":0,"value":-200},{"frame":0.3333333333333333,"value":-170},{"frame":0.6666666666666666,"value":-200}]}}}