{"__type__":"cc.AnimationClip","_name":"ready_e","_duration":0.2833333333333333,"curveData":{"props":{"y":[{"frame":0.03333333333333333,"value":0},{"frame":0.2,"value":29},{"frame":0.2833333333333333,"value":0}]}}}