{"__type__":"cc.AnimationClip","_name":"userbarProcess","_duration":0.6666666666666666,"curveData":{"comps":{"cc.ProgressBar":{"progress":[{"frame":0,"value":1},{"frame":0.6333333333333333,"value":0.050000000000000044},{"frame":0.65,"value":0.02499999999999991},{"frame":0.6666666666666666,"value":0}]}}}}