{"__type__":"cc.AnimationClip","_name":"ready_d","_duration":0.36666666666666664,"curveData":{"props":{"y":[{"frame":0.11666666666666667,"value":12},{"frame":0.2833333333333333,"value":34},{"frame":0.36666666666666664,"value":12}]}}}