{"__type__":"cc.AnimationClip","_name":"ready_i","_duration":0.4666666666666667,"curveData":{"props":{"y":[{"frame":0.21666666666666667,"value":13},{"frame":0.38333333333333336,"value":19},{"frame":0.4666666666666667,"value":13}]}}}