{"__type__":"cc.AnimationClip","_name":"ready_y","_duration":0.4166666666666667,"curveData":{"props":{"y":[{"frame":0.16666666666666666,"value":18},{"frame":0.3333333333333333,"value":28},{"frame":0.4166666666666667,"value":18}]}}}