{"__type__":"cc.AnimationClip","_name":"heidong","_duration":1.6666666666666667,"curveData":{"props":{"scaleX":[{"frame":0.31666666666666665,"value":1},{"frame":1.6666666666666667,"value":0.1}],"scaleY":[{"frame":0.31666666666666665,"value":1},{"frame":1.6666666666666667,"value":0.1}]}}}